מזהה ריצה,זמן התחלה,זמן סיום,שם הפרויקט,הפריט המפעיל,המצב,Error Code,טקסט השגיאה
run-2026-09-27-01,2026-09-27T20:40,2026-09-27T20:55,fitness-app,doc-work-plan-fitness-app.md; doc-adoption-mapping-fitness-app.md; doc-project-definition.md; doc-process-mapping.html; doc-okr-kpi.md,הצלחה (הצ'ט),,
run-2026-09-27-02,2026-09-27T21:05,2026-09-27T21:06,fitness-app,doc-process-mapping.html גרסה 2,הצלחה (הצ'ט) - סעיף 5 ב-PRD ללא שינוי: הכותרת שהשתנתה אינה מופיעה בו,,
run-2026-09-27-03,2026-09-27T21:15,2026-09-27T21:17,fitness-app,doc-project-definition.md גרסה 2; doc-work-plan-fitness-app.md גרסה 2,הצלחה (הצ'ט) - PRD 1.2: סעיפים 2 ו-6,,
run-2026-09-27-04,2026-09-27T21:40,2026-09-27T21:44,fitness-app,doc-mlp-scope.md,הצלחה (הצ'ט) - PRD 1.3: סעיפים 10, 11, 12,,
run-2026-09-27-05,2026-09-27T21:55,2026-09-27T21:56,fitness-app,story-30-class-registration.md,הצלחה (הצ'ט) - PRD 1.4: סעיף 11,,
run-2026-09-27-06,2026-09-27T22:05,2026-09-27T22:06,fitness-app,story-30-class-registration.md גרסה 2,הצלחה (הצ'ט) - PRD 1.5: סעיף 11,,
run-2026-09-27-07,2026-09-27T22:15,2026-09-27T22:16,fitness-app,story-01-training-programs.md,הצלחה (הצ'ט) - PRD 1.6: סעיף 11,,
run-2026-09-27-08,2026-09-27T22:30,2026-09-27T22:31,fitness-app,story-02-payments-invoices.md,הצלחה (הצ'ט) - PRD 1.7: סעיף 11,,
run-2026-09-27-09,2026-09-27T22:45,2026-09-27T22:46,fitness-app,story-02-payments-invoices.md גרסה 2; story-12-results-entry.md,הצלחה (הצ'ט) - PRD 1.8: סעיף 11,,
